cols,imp
Home_Owner,0.6069742309728753
Age,0.30330367173671385
Length_Of_Residence,0.007718886533138945
Credit_Ranges,0.0004267786533005423
