cols,imp
Home_Owner,0.3029418730366475
Length_Of_Residence,0.2823468086585444
Age,0.14492657316603202
Education,0.017072585318052884
Dwelling_Type,0.007014211165610727
Member_Tenure_Years,0.006331666019897733
Children,0.006290050799254558
Credit_Ranges,0.00014034406536185128
New_Mover_Flag,0.00013771760965277738
